{
  "timestamp": "2026-05-10T23:10:37.775126",
  "config": {
    "model_type": "isohc",
    "num_layers": 64,
    "hidden_dim": 256,
    "num_heads": 4,
    "n_streams": 4,
    "context_length": 256,
    "vocab_size": 4096,
    "steps": 300,
    "eval_every": 100,
    "batch_size": 8,
    "grad_accum_steps": 4,
    "precision": "bf16",
    "grad_clip": 1.0,
    "learning_rate": 0.0003,
    "weight_decay": 0.1,
    "warmup_steps": 50,
    "ns_steps": 5,
    "dropout": 0.0,
    "mlp_ratio": 4
  },
  "passed": true,
  "metrics": [
    {
      "step": 0,
      "steps_completed": 1,
      "loss": 8.369384765625,
      "grad_norm": 0.8383821249008179,
      "lr": 0.0,
      "max_param": 1.0,
      "max_activation": 1.515625,
      "gpu_memory_gb": 0.7944674491882324,
      "step_time_ms": 383.9285373687744,
      "has_nan": false,
      "has_inf": false,
      "mean_orth_error": 5.280028858578589e-07,
      "max_orth_error": 5.280028858578589e-07,
      "mean_fix_error": 2.795705711378105e-07,
      "max_fix_error": 2.795705711378105e-07,
      "mean_energy_ratio": 1.000000063329935,
      "min_energy_ratio": 1.0,
      "max_energy_ratio": 1.0000001192092896
    },
    {
      "step": 20,
      "steps_completed": 21,
      "loss": 8.353927612304688,
      "grad_norm": 0.223921999335289,
      "lr": 0.00011999999999999999,
      "max_param": 1.0007859468460083,
      "max_activation": 1.0625,
      "gpu_memory_gb": 0.7944674491882324,
      "step_time_ms": 286.2110137939453,
      "has_nan": false,
      "has_inf": false,
      "mean_orth_error": 4.960617445703974e-07,
      "max_orth_error": 6.622668706768309e-07,
      "mean_fix_error": 2.8447968092315534e-07,
      "max_fix_error": 3.424026147058612e-07,
      "mean_energy_ratio": 1.0000000596046448,
      "min_energy_ratio": 1.0,
      "max_energy_ratio": 1.0000001192092896
    },
    {
      "step": 40,
      "steps_completed": 41,
      "loss": 8.33355712890625,
      "grad_norm": 0.18946993350982666,
      "lr": 0.00023999999999999998,
      "max_param": 1.0015689134597778,
      "max_activation": 0.58984375,
      "gpu_memory_gb": 0.7944674491882324,
      "step_time_ms": 282.84716606140137,
      "has_nan": false,
      "has_inf": false,
      "mean_orth_error": 5.046853361889703e-07,
      "max_orth_error": 6.622993851124193e-07,
      "mean_fix_error": 2.6866608515696555e-07,
      "max_fix_error": 3.3717478231665154e-07,
      "mean_energy_ratio": 1.0000000577419996,
      "min_energy_ratio": 1.0,
      "max_energy_ratio": 1.0000001192092896
    },
    {
      "step": 60,
      "steps_completed": 61,
      "loss": 8.328521728515625,
      "grad_norm": 0.18381093442440033,
      "lr": 0.0002988172051971717,
      "max_param": 1.0029771327972412,
      "max_activation": 0.68359375,
      "gpu_memory_gb": 0.7944674491882324,
      "step_time_ms": 294.2476272583008,
      "has_nan": false,
      "has_inf": false,
      "mean_orth_error": 4.97224412754349e-07,
      "max_orth_error": 5.574366923610796e-07,
      "mean_fix_error": 2.818776481117169e-07,
      "max_fix_error": 3.424026147058612e-07,
      "mean_energy_ratio": 1.0000000670552254,
      "min_energy_ratio": 1.0,
      "max_energy_ratio": 1.0000001192092896
    },
    {
      "step": 80,
      "steps_completed": 81,
      "loss": 8.334274291992188,
      "grad_norm": 0.18492747843265533,
      "lr": 0.00028946647288323766,
      "max_param": 1.0045171976089478,
      "max_activation": 0.55859375,
      "gpu_memory_gb": 0.7944674491882324,
      "step_time_ms": 282.1993827819824,
      "has_nan": false,
      "has_inf": false,
      "mean_orth_error": 4.876240677909038e-07,
      "max_orth_error": 6.432516670429322e-07,
      "mean_fix_error": 2.7477693032018635e-07,
      "max_fix_error": 4.0425837255497754e-07,
      "mean_energy_ratio": 1.00000006146729,
      "min_energy_ratio": 1.0,
      "max_energy_ratio": 1.0000001192092896
    },
    {
      "step": 100,
      "steps_completed": 101,
      "loss": 8.329437255859375,
      "grad_norm": 0.1787954419851303,
      "lr": 0.0002713525491562421,
      "max_param": 1.0063884258270264,
      "max_activation": 0.57421875,
      "gpu_memory_gb": 0.7944674491882324,
      "step_time_ms": 282.4411392211914,
      "has_nan": false,
      "has_inf": false,
      "mean_orth_error": 5.178050228593634e-07,
      "max_orth_error": 6.542140909004956e-07,
      "mean_fix_error": 2.818583606511993e-07,
      "max_fix_error": 3.953724956318183e-07,
      "mean_energy_ratio": 1.0000000707805157,
      "min_energy_ratio": 1.0,
      "max_energy_ratio": 1.0000001192092896
    },
    {
      "step": 120,
      "steps_completed": 121,
      "loss": 8.324081420898438,
      "grad_norm": 0.1753760427236557,
      "lr": 0.0002456135984623034,
      "max_param": 1.006063461303711,
      "max_activation": 0.48046875,
      "gpu_memory_gb": 0.7944674491882324,
      "step_time_ms": 282.5953960418701,
      "has_nan": false,
      "has_inf": false,
      "mean_orth_error": 5.074957947215353e-07,
      "max_orth_error": 6.515413133456605e-07,
      "mean_fix_error": 2.776098464440935e-07,
      "max_fix_error": 3.998401041371835e-07,
      "mean_energy_ratio": 1.0000000707805157,
      "min_energy_ratio": 1.0,
      "max_energy_ratio": 1.0000001192092896
    },
    {
      "step": 140,
      "steps_completed": 141,
      "loss": 8.326553344726562,
      "grad_norm": 0.17844325304031372,
      "lr": 0.00021386689373476087,
      "max_param": 1.0064661502838135,
      "max_activation": 0.53125,
      "gpu_memory_gb": 0.7944674491882324,
      "step_time_ms": 289.89410400390625,
      "has_nan": false,
      "has_inf": false,
      "mean_orth_error": 5.147731925170262e-07,
      "max_orth_error": 5.575465706897376e-07,
      "mean_fix_error": 2.862922230395526e-07,
      "max_fix_error": 3.5762786865234375e-07,
      "mean_energy_ratio": 1.0000000689178705,
      "min_energy_ratio": 1.0,
      "max_energy_ratio": 1.0000001192092896
    },
    {
      "step": 160,
      "steps_completed": 161,
      "loss": 8.32403564453125,
      "grad_norm": 0.17655642330646515,
      "lr": 0.0001781071971878587,
      "max_param": 1.0066301822662354,
      "max_activation": 0.4765625,
      "gpu_memory_gb": 0.7944674491882324,
      "step_time_ms": 281.48722648620605,
      "has_nan": false,
      "has_inf": false,
      "mean_orth_error": 5.187861114031023e-07,
      "max_orth_error": 6.542195478687063e-07,
      "mean_fix_error": 2.8696958520590954e-07,
      "max_fix_error": 3.424026147058612e-07,
      "mean_energy_ratio": 1.0000000651925802,
      "min_energy_ratio": 1.0,
      "max_energy_ratio": 1.0000001192092896
    },
    {
      "step": 180,
      "steps_completed": 181,
      "loss": 8.318359375,
      "grad_norm": 0.17502959072589874,
      "lr": 0.000140581422070603,
      "max_param": 1.0065600872039795,
      "max_activation": 0.416015625,
      "gpu_memory_gb": 0.7944674491882324,
      "step_time_ms": 300.3826141357422,
      "has_nan": false,
      "has_inf": false,
      "mean_orth_error": 5.135912353182448e-07,
      "max_orth_error": 6.542476853610424e-07,
      "mean_fix_error": 2.749961354187036e-07,
      "max_fix_error": 3.816559512870299e-07,
      "mean_energy_ratio": 1.0000000782310963,
      "min_energy_ratio": 1.0,
      "max_energy_ratio": 1.0000001192092896
    },
    {
      "step": 200,
      "steps_completed": 201,
      "loss": 8.325958251953125,
      "grad_norm": 0.17092791199684143,
      "lr": 0.0001036474508437579,
      "max_param": 1.0070664882659912,
      "max_activation": 0.39453125,
      "gpu_memory_gb": 0.7944674491882324,
      "step_time_ms": 286.38386726379395,
      "has_nan": false,
      "has_inf": false,
      "mean_orth_error": 5.090877701618979e-07,
      "max_orth_error": 6.514616188724176e-07,
      "mean_fix_error": 2.8100564875011e-07,
      "max_fix_error": 4.0862886407921906e-07,
      "mean_energy_ratio": 1.0000000707805157,
      "min_energy_ratio": 1.0,