{
  "timestamp": "2026-05-10T21:50:48.109020",
  "passed": true,
  "results": {
    "4": {
      "svd": {
        "mean_orth_error": 5.082472966932983e-07,
        "max_orth_error": 6.731023631800781e-07,
        "mean_fix_error": 3.275398228197446e-07,
        "max_fix_error": 5.364418029785156e-07,
        "mean_energy_error": 9.592622518539429e-08,
        "max_energy_error": 1.1920928955078125e-07
      },
      "5": {
        "mean_orth_error": 5.070876341051189e-07,
        "max_orth_error": 6.731023631800781e-07,
        "mean_fix_error": 3.2775068348200875e-07,
        "max_fix_error": 5.364418029785156e-07,
        "mean_energy_error": 9.685754776000977e-08,
        "max_energy_error": 1.1920928955078125e-07
      }
    },
    "8": {
      "svd": {
        "mean_orth_error": 7.816098559487727e-07,
        "max_orth_error": 9.674687362348777e-07,
        "mean_fix_error": 4.364815993085358e-07,
        "max_fix_error": 5.8703767535917e-07,
        "mean_energy_error": 1.909211277961731e-08,
        "max_energy_error": 1.1920928955078125e-07
      },
      "5": {
        "mean_orth_error": 7.816098559487727e-07,
        "max_orth_error": 9.674687362348777e-07,
        "mean_fix_error": 4.364815993085358e-07,
        "max_fix_error": 5.8703767535917e-07,
        "mean_energy_error": 1.4435499906539917e-08,
        "max_energy_error": 1.1920928955078125e-07
      }
    },
    "16": {
      "svd": {
        "mean_orth_error": 1.1104298209829722e-06,
        "max_orth_error": 1.2615016657946398e-06,
        "mean_fix_error": 8.471416776956175e-07,
        "max_fix_error": 9.666249525253079e-07,
        "mean_energy_error": 4.237517714500427e-08,
        "max_energy_error": 1.7881393432617188e-07
      },
      "5": {
        "mean_orth_error": 1.1104298209829722e-06,
        "max_orth_error": 1.2615016657946398e-06,
        "mean_fix_error": 8.471416776956175e-07,
        "max_fix_error": 9.666249525253079e-07,
        "mean_energy_error": 4.6566128730773926e-08,
        "max_energy_error": 1.7881393432617188e-07
      }
    }
  }
}