{
  "timestamp": "2026-05-10T21:55:15.997523",
  "config": {
    "model_type": "isohc",
    "num_layers": 16,
    "hidden_dim": 256,
    "num_heads": 4,
    "n_streams": 4,
    "context_length": 256,
    "vocab_size": 4096,
    "steps": 300,
    "eval_every": 100,
    "batch_size": 8,
    "grad_accum_steps": 4,
    "precision": "bf16",
    "grad_clip": 1.0,
    "learning_rate": 0.0003,
    "weight_decay": 0.1,
    "warmup_steps": 50,
    "ns_steps": 5,
    "dropout": 0.0,
    "mlp_ratio": 4
  },
  "passed": true,
  "metrics": [
    {
      "step": 0,
      "steps_completed": 1,
      "loss": 8.36077880859375,
      "grad_norm": 0.6816775798797607,
      "lr": 0.0,
      "max_param": 1.0,
      "max_activation": 1.6953125,
      "gpu_memory_gb": 0.23160123825073242,
      "step_time_ms": 266.7584419250488,
      "has_nan": false,
      "has_inf": false,
      "mean_orth_error": 5.280028858578589e-07,
      "max_orth_error": 5.280028858578589e-07,
      "mean_fix_error": 2.795705711378105e-07,
      "max_fix_error": 2.795705711378105e-07,
      "mean_energy_ratio": 1.0000000894069672,
      "min_energy_ratio": 1.0,
      "max_energy_ratio": 1.0000001192092896
    },
    {
      "step": 20,
      "steps_completed": 21,
      "loss": 8.342910766601562,
      "grad_norm": 0.2564094364643097,
      "lr": 0.00011999999999999999,
      "max_param": 1.0008167028427124,
      "max_activation": 1.1796875,
      "gpu_memory_gb": 0.23160123825073242,
      "step_time_ms": 111.19842529296875,
      "has_nan": false,
      "has_inf": false,
      "mean_orth_error": 4.992598032771411e-07,
      "max_orth_error": 5.542798362512258e-07,
      "mean_fix_error": 2.827748382117079e-07,
      "max_fix_error": 4.2981520209650625e-07,
      "mean_energy_ratio": 1.0000000447034836,
      "min_energy_ratio": 1.0,
      "max_energy_ratio": 1.0000001192092896
    },
    {
      "step": 40,
      "steps_completed": 41,
      "loss": 8.331344604492188,
      "grad_norm": 0.19795505702495575,
      "lr": 0.00023999999999999998,
      "max_param": 1.0016891956329346,
      "max_activation": 0.71484375,
      "gpu_memory_gb": 0.23160123825073242,
      "step_time_ms": 109.3912124633789,
      "has_nan": false,
      "has_inf": false,
      "mean_orth_error": 5.098214721499517e-07,
      "max_orth_error": 5.575236627919367e-07,
      "mean_fix_error": 2.671099146311917e-07,
      "max_fix_error": 3.3717478231665154e-07,
      "mean_energy_ratio": 1.0000000447034836,
      "min_energy_ratio": 1.0,
      "max_energy_ratio": 1.0000001192092896
    },
    {
      "step": 60,
      "steps_completed": 61,
      "loss": 8.326324462890625,
      "grad_norm": 0.1862250417470932,
      "lr": 0.0002988172051971717,
      "max_param": 1.0022084712982178,
      "max_activation": 0.55859375,
      "gpu_memory_gb": 0.23160123825073242,
      "step_time_ms": 109.60912704467773,
      "has_nan": false,
      "has_inf": false,
      "mean_orth_error": 5.169656613901452e-07,
      "max_orth_error": 5.670974587701494e-07,
      "mean_fix_error": 2.679375068481704e-07,
      "max_fix_error": 3.2098083124765253e-07,
      "mean_energy_ratio": 1.0000000596046448,
      "min_energy_ratio": 1.0,
      "max_energy_ratio": 1.0000001192092896
    },
    {
      "step": 80,
      "steps_completed": 81,
      "loss": 8.334014892578125,
      "grad_norm": 0.18801118433475494,
      "lr": 0.00028946647288323766,
      "max_param": 1.0031603574752808,
      "max_activation": 0.53515625,
      "gpu_memory_gb": 0.23160123825073242,
      "step_time_ms": 110.83006858825684,
      "has_nan": false,
      "has_inf": false,
      "mean_orth_error": 5.103902740444255e-07,
      "max_orth_error": 5.574664783125627e-07,
      "mean_fix_error": 2.6121729135297755e-07,
      "max_fix_error": 3.424026147058612e-07,
      "mean_energy_ratio": 1.0000000819563866,
      "min_energy_ratio": 1.0,
      "max_energy_ratio": 1.0000001192092896
    },
    {
      "step": 100,
      "steps_completed": 101,
      "loss": 8.3272705078125,
      "grad_norm": 0.18020308017730713,
      "lr": 0.0002713525491562421,
      "max_param": 1.0038284063339233,
      "max_activation": 0.578125,
      "gpu_memory_gb": 0.23160123825073242,
      "step_time_ms": 109.90691184997559,
      "has_nan": false,
      "has_inf": false,
      "mean_orth_error": 5.15373223208826e-07,
      "max_orth_error": 5.669042479894415e-07,
      "mean_fix_error": 2.7380336220517165e-07,
      "max_fix_error": 3.0971480668995355e-07,
      "mean_energy_ratio": 1.000000074505806,
      "min_energy_ratio": 1.0,
      "max_energy_ratio": 1.0000001192092896
    },
    {
      "step": 120,
      "steps_completed": 121,
      "loss": 8.326629638671875,
      "grad_norm": 0.17625702917575836,
      "lr": 0.0002456135984623034,
      "max_param": 1.0047963857650757,
      "max_activation": 0.54296875,
      "gpu_memory_gb": 0.23160123825073242,
      "step_time_ms": 112.62226104736328,
      "has_nan": false,
      "has_inf": false,
      "mean_orth_error": 5.3856833126531e-07,
      "max_orth_error": 6.516242478937784e-07,
      "mean_fix_error": 2.8415038499929324e-07,
      "max_fix_error": 3.0971480668995355e-07,
      "mean_energy_ratio": 1.000000074505806,
      "min_energy_ratio": 1.0,
      "max_energy_ratio": 1.0000001192092896
    },
    {
      "step": 140,
      "steps_completed": 141,
      "loss": 8.326202392578125,
      "grad_norm": 0.17952662706375122,
      "lr": 0.00021386689373476087,
      "max_param": 1.005322813987732,
      "max_activation": 0.51953125,
      "gpu_memory_gb": 0.23160123825073242,
      "step_time_ms": 117.06209182739258,
      "has_nan": false,
      "has_inf": false,
      "mean_orth_error": 5.006218710690291e-07,
      "max_orth_error": 5.543382144423958e-07,
      "mean_fix_error": 2.8581914524039576e-07,
      "max_fix_error": 3.264680970005429e-07,
      "mean_energy_ratio": 1.0000000521540642,
      "min_energy_ratio": 1.0,
      "max_energy_ratio": 1.0000001192092896
    },
    {
      "step": 160,
      "steps_completed": 161,
      "loss": 8.322662353515625,
      "grad_norm": 0.17741020023822784,
      "lr": 0.0001781071971878587,
      "max_param": 1.0062116384506226,
      "max_activation": 0.478515625,
      "gpu_memory_gb": 0.23160123825073242,
      "step_time_ms": 108.13426971435547,
      "has_nan": false,
      "has_inf": false,
      "mean_orth_error": 5.06660819965532e-07,
      "max_orth_error": 5.667671985065681e-07,
      "mean_fix_error": 2.6965327748484924e-07,
      "max_fix_error": 3.2098083124765253e-07,
      "mean_energy_ratio": 1.0000000819563866,
      "min_energy_ratio": 1.0,
      "max_energy_ratio": 1.0000001192092896
    },
    {
      "step": 180,
      "steps_completed": 181,
      "loss": 8.321441650390625,
      "grad_norm": 0.17556655406951904,
      "lr": 0.000140581422070603,
      "max_param": 1.0071927309036255,
      "max_activation": 0.5078125,
      "gpu_memory_gb": 0.23160123825073242,
      "step_time_ms": 115.15355110168457,
      "has_nan": false,
      "has_inf": false,
      "mean_orth_error": 4.877436570183136e-07,
      "max_orth_error": 5.543179213418625e-07,
      "mean_fix_error": 2.685146913705694e-07,
      "max_fix_error": 3.0971480668995355e-07,
      "mean_energy_ratio": 1.000000074505806,
      "min_energy_ratio": 1.0,
      "max_energy_ratio": 1.0000001192092896
    },
    {
      "step": 200,
      "steps_completed": 201,
      "loss": 8.325408935546875,
      "grad_norm": 0.17224936187267303,
      "lr": 0.0001036474508437579,
      "max_param": 1.0074180364608765,
      "max_activation": 0.3984375,
      "gpu_memory_gb": 0.23160123825073242,
      "step_time_ms": 99.33781623840332,
      "has_nan": false,
      "has_inf": false,
      "mean_orth_error": 5.231492004043048e-07,
      "max_orth_error": 5.575543013947026e-07,
      "mean_fix_error": 2.976295423451347e-07,
      "max_fix_error": 3.475518042250769e-07,
      "mean_energy_ratio": 1.000000074505806,